week_number,channel_slot,year,cost,revenue
1,A,2022,28096.16616,175183.29999999993
1,A,2023,25018.270000000008,146986.89999999997
1,A,2024,21540,144766.05
1,A,2025,19401.48000000001,229116.71
2,A,2022,24506.895248000008,182940.69999999995
2,A,2023,24440.870000000003,174990.44000000012
2,A,2024,16641.2,111200.5
2,A,2025,21828.00999999998,181013.08999999994
3,A,2022,37596.70886799994,181261.00000000015
3,A,2023,24566.690000000013,129651.85999999997
3,A,2024,19047.37000000001,110273.20999999999
3,A,2025,16257.169999999995,148283.50000000003
4,A,2022,49247.314964999976,250787.35000000012
4,A,2023,16298.91999999999,129040.64999999997
4,A,2024,21450.600000000006,146815.01000000004
4,A,2025,18200,163000
5,A,2022,23595.505182999994,169148.99999999994
5,A,2023,18401.530000000002,168180.76000000004
5,A,2024,18451.250000000022,206498.35000000006
5,A,2025,21488,207818
6,A,2022,19388.229556,130595.19999999998
6,A,2023,18023.049999999985,132097.67999999996
6,A,2024,26918.68000000001,160228.08
6,A,2025,18864,165998
7,A,2022,14932.026694000006,128485.59999999992
7,A,2023,18279.53,138045.4999999999
7,A,2024,20645.319999999996,194418.65999999997
8,A,2022,17059.622465999997,148874.04999999993
8,A,2023,16925.280000000002,91363.02
8,A,2024,13193.179999999998,136046.29
9,A,2022,11840.135886999999,51717.74999999997
9,A,2023,16164.460000000008,69995.42
9,A,2024,9093.900000000005,57226.430000000015
10,A,2022,8862.432373999993,66462.09999999998
10,A,2023,14968.350000000002,62554.68
10,A,2024,9032.320000000005,81469.59
11,A,2022,12678.354252000016,62692.449999999975
11,A,2023,12729.74000000001,83749.02999999996
11,A,2024,14338.830000000007,126782.30000000002
12,A,2022,13239.904024999996,98677.39999999995
12,A,2023,15156.720000000014,111844.95999999999
12,A,2024,22129.30000000001,171294.98
13,A,2022,16551.47120099999,106474.19999999995
13,A,2023,16214.139999999998,92577.61999999994
13,A,2024,19715.200000000008,133783.89000000007
14,A,2022,16665.36589900001,92481.79999999997
14,A,2023,12669.290000000003,96708.39000000001
14,A,2024,19895.78000000001,145791.62
15,A,2022,14610.602842000006,81655.09999999996
15,A,2023,11901.339999999995,78494.63999999998
15,A,2024,17366.160000000007,108186.39999999995
16,A,2022,16723.985623000004,53797.14999999999
16,A,2023,10909.85000000001,62742.039999999986
16,A,2024,14670.91000000001,98597.61000000003
17,A,2022,13564.427823999993,72995.24999999996
17,A,2023,12103.840000000002,103585.98999999998
17,A,2024,15285.650000000005,132079.95999999996
18,A,2022,11536.686075000001,52823.84999999998
18,A,2023,18260.539999999994,106974.97999999997
18,A,2024,13240.810000000005,85453.76000000001
19,A,2022,10443.326764000001,47242.649999999994
19,A,2023,14279.62999999999,79386.91
19,A,2024,12712.550000000003,121885.2
20,A,2022,12998.49333100001,91023.54999999996
20,A,2023,15046.299999999996,143209.50999999995
20,A,2024,22854.39000000002,264813.7200000001
21,A,2022,19597.326111000002,146788.79999999996
21,A,2023,13371.209999999992,79984.62
21,A,2024,12998.660000000002,128920.58000000002
22,A,2022,13755.139319,85967.3
22,A,2023,10081.94,50648.75
22,A,2024,9467.35,67333.14
23,A,2022,11477.296479000002,54004.29999999998
23,A,2023,10895.259999999986,41832.45999999999
23,A,2024,8454.819999999998,63386.19
24,A,2022,10421.735476999998,57966.79999999998
24,A,2023,22378.090000000004,96383.41999999997
24,A,2024,13894.779999999988,134180.77
25,A,2022,13058.131034,108123.94999999995
25,A,2023,27101.93999999999,141041.66999999995
25,A,2024,25149.959999999995,186801.03
26,A,2022,18288.227775999996,107661.94999999995
26,A,2023,12184.730000000001,100082.65999999999
26,A,2024,24367.419999999995,169434.58
27,A,2022,15177.94330099998,99726.39999999994
27,A,2023,11484.829999999996,83454.40999999999
27,A,2024,24752.97000000001,192445.19000000003
28,A,2022,13954.443418000003,87260.79999999996
28,A,2023,18961.699999999997,105484.04
28,A,2024,23159.87000000001,176585.28000000003
29,A,2022,11752.86,99129.54
29,A,2023,16562.140000000003,135390.39999999997
29,A,2024,20524.06000000001,198707.13999999993
30,A,2022,18322.69999999999,165631.04999999993
30,A,2023,21445.06000000001,138590.26999999993
30,A,2024,23049.619999999974,200657.22000000003
31,A,2022,22782.090000000004,127024.61999999995
31,A,2023,20573.340000000007,106082.49999999999
31,A,2024,26546.080000000016,194579.21
32,A,2022,21443.97999999999,112131.20999999999
32,A,2023,10352.48,86397.06000000001
32,A,2024,25596.429999999997,165595.66000000006
33,A,2022,20181.559999999987,125476.86
33,A,2023,26512.85000000002,170462.47999999998
33,A,2024,33105.33999999998,278786.6899999998
34,A,2022,21844.630000000005,200007.20000000013
34,A,2023,9784.53000000001,53194.62000000001
34,A,2024,24512.220000000005,139714.85999999996
35,A,2022,17574.29000000001,57199.29
35,A,2023,7130.420000000004,47801.89000000001
35,A,2024,9892.730000000007,63673.34999999999
36,A,2022,9747.440000000006,40259.450000000004
36,A,2023,14829.360000000006,47735.149999999994
36,A,2024,5870.790000000001,55051.42
37,A,2022,7332.3200000000015,15262.640000000001
37,A,2023,18900.58000000001,77031.41000000003
37,A,2024,9636.360000000002,61278.14
38,A,2022,9161.280000000004,98976.95999999999
38,A,2023,34423.429999999986,234667.61
38,A,2024,16575.910000000025,180481.36999999997
39,A,2022,37770.67,293352.6000000001
39,A,2023,27046.83999999999,190262.44999999998
39,A,2024,20660.79,262716.2799999999
40,A,2022,29554.709999999992,163853.92999999993
40,A,2023,28163.74999999999,154608.12
40,A,2024,16277.849999999982,192244.39000000007
41,A,2022,25442.520000000004,123675.16
41,A,2023,29411.609999999993,147862.81999999998
41,A,2024,19084.499999999996,167920.23999999996
42,A,2022,18659.109999999993,106569.46999999997
42,A,2023,18041.259999999995,127113.70000000003
42,A,2024,19635.1,251815.36999999985
43,A,2022,20510.270000000004,123209.57
43,A,2023,13604.440000000013,105300.14999999998
43,A,2024,15466.019999999997,163951.13
44,A,2022,20294.320000000003,123307.58999999997
44,A,2023,16528.579999999998,116858.19000000006
44,A,2024,15737.74999999999,187329.75000000003
45,A,2022,20228.64000000001,108671.53999999998
45,A,2023,20478.340000000015,133286.1
45,A,2024,19832.12000000001,213782.80000000005
46,A,2022,22517.51000000001,143567.24
46,A,2023,32859.65000000001,196394.1300000001
46,A,2024,23032.719999999994,281117.4700000001
47,A,2022,20577.520000000004,160547.16000000006
47,A,2023,8838.410000000003,52495.32999999999
47,A,2024,5183.480000000005,61164.700000000004
48,A,2022,13621.370000000008,47190.7
48,A,2023,6589.51,29069.67
48,A,2024,5338.820000000006,63235.68000000001
49,A,2022,10277.64999999999,50904.749999999985
49,A,2023,8696.320000000003,34680.630000000005
49,A,2024,8284.229999999998,97884.56999999999
50,A,2022,11065.57000000001,64811.05999999997
50,A,2023,11186.000000000011,105713.18000000007
50,A,2024,11154.91,149627.33
51,A,2022,18582.209999999992,96148.06999999999
51,A,2023,23951.960000000017,157585.47999999998
51,A,2024,14711.44999999999,160746.84000000003
1,B,2022,12431.330000000005,83291.00999999994
1,B,2023,13325.370000000006,105745.14999999998
1,B,2024,9516.560000000005,111995
1,B,2025,14896.19,219019.71000000002
2,B,2022,8412.859999999997,91328.70999999998
2,B,2023,14697.27,120670.44999999995
2,B,2024,7032.670000000004,78242
2,B,2025,15439.950000000006,187556
3,B,2022,10047.170000000011,73782.60999999997
3,B,2023,14882.349999999997,107523.19999999997
3,B,2024,8264.109999999993,69125
3,B,2025,10036.15000000001,147189.5
4,B,2022,14490.530000000002,123223.31999999996
4,B,2023,11734.260000000004,61679.54999999999
4,B,2024,2532.519999999999,40864
4,B,2025,12200,192000
5,B,2022,14670.140000000016,72211.59999999998
5,B,2023,11234.109999999999,81175.49999999999
5,B,2024,10915.889999999996,111300.83000000003
5,B,2025,13429,156718
6,B,2022,10770.61999999999,83526.64999999998
6,B,2023,9522.009999999998,67730.5
6,B,2024,8766.360000000002,122626.15
6,B,2025,11978,186542
7,B,2022,9864.690000000002,50570.29000000001
7,B,2023,7916.749999999996,76585.14999999998
7,B,2024,9822.910000000002,75967
8,B,2022,8989.48000000001,53373.79999999998
8,B,2023,10628.590000000004,76004.69999999997
8,B,2024,13888.790000000005,146016.46000000005
9,B,2022,7961.219999999995,68672.35999999999
9,B,2023,7997,100768.14999999998
9,B,2024,9210.949999999999,196240.45000000004
10,B,2022,8894.96999999999,18028.900000000005
10,B,2023,7552.279999999998,48181.899999999994
10,B,2024,2809.4,32303.300000000007
11,B,2022,5606.80999999999,22671.899999999998
11,B,2023,6163.580000000004,38968.75000000001
11,B,2024,3826.340000000001,40936.6
12,B,2022,4241.1,25438.74000000001
12,B,2023,5072.860000000001,68227.80000000002
12,B,2024,4850.699999999998,77336.85
13,B,2022,5038.100000000007,23756.739999999998
13,B,2023,10250.530000000002,110024.14999999995
13,B,2024,7869.579999999996,88500.75000000003
14,B,2022,7615.979999999995,46314.00999999999
14,B,2023,14310.989999999996,80147.64999999995
14,B,2024,8398.31,85254.4
15,B,2022,10405.139999999996,48218.51
15,B,2023,12340.780000000006,79424.24999999999
15,B,2024,8213.950000000003,104031.30000000002
16,B,2022,8054.750000000007,43680.32000000001
16,B,2023,9946.12999999999,64602.44999999998
16,B,2024,7074.829999999999,80197.5
17,B,2022,6989.929999999997,17363.310000000005
17,B,2023,2042.580000000001,33155.50000000001
17,B,2024,11985.400000000007,94154.69
18,B,2022,5311.870000000001,20258.95
18,B,2023,5330.800000000002,79894.20999999996
18,B,2024,7140.479999999999,79258.3
19,B,2022,5684.330000000007,17579.890000000003
19,B,2023,5530.4000000000015,66977.14999999997
19,B,2024,7404.220000000004,64245.82
20,B,2022,5589.430000000004,16880.660000000003
20,B,2023,6254.529999999999,86861.81999999998
20,B,2024,7395.920000000014,99229.70000000001
21,B,2022,4680.860000000006,22676.100000000002
21,B,2023,7121.460000000001,100060.89999999998
21,B,2024,12105.230000000007,161804.7
22,B,2022,7419.670000000008,59357.64999999998
22,B,2023,5809.370000000001,105678.31999999998
22,B,2024,5206.560000000005,130323.75
23,B,2022,5228.070000000008,46965.8
23,B,2023,2974.88,26846.850000000006
23,B,2024,3864.989999999998,45643.25000000001
24,B,2022,4275.3600000000015,29445.450000000004
24,B,2023,2368.46,18814.800000000007
24,B,2024,4606.160000000001,54504.5
25,B,2022,4499.789999999999,27089.350000000002
25,B,2023,5901.540000000003,72954.15000000001
25,B,2024,7003.64000000001,86605.64
26,B,2022,5671.450000000002,60642.650000000016
26,B,2023,19106.29,151778.1
26,B,2024,12276.070000000007,103935.46000000002
27,B,2022,9561.789999999999,80790.49999999999
27,B,2023,10455.710000000006,75491
27,B,2024,12102.44000000002,147930.24
28,B,2022,11280.369999999997,85378.59999999998
28,B,2023,6270.36,63644.45
28,B,2024,11998.580000000013,115073.79000000001
29,B,2022,11964.35,50807.73
29,B,2023,7383.469999999998,71427
29,B,2024,11440.450000000017,130644.17
30,B,2022,10317.65,86867.87
30,B,2023,7036.019999999996,64081
30,B,2024,11381.330000000044,132581.13
31,B,2022,11028.559999999998,79596.09999999998
31,B,2023,5674.59,80823.33
31,B,2024,11922.860000000017,168499.47
32,B,2022,10205.790000000003,102242.04999999997
32,B,2023,7798.340000000002,92117.17000000001
32,B,2024,13124.110000000006,149452.90999999997
33,B,2022,9368.439999999995,84845.84999999998
33,B,2023,6746.789999999999,98558
33,B,2024,14259.600000000002,127660.02
34,B,2022,8777.850000000002,211627.35
34,B,2023,21202.30999999999,162277.32
34,B,2024,14534.310000000014,201166.21
35,B,2022,9152.919999999996,141098.64999999997
35,B,2023,3016.149999999999,32975.850000000006
35,B,2024,11110.89999999999,86458.51
36,B,2022,5032.340000000002,34276.05
36,B,2023,2468.77,21326.65
36,B,2024,4847.919999999997,35389.07
37,B,2022,2671.42,50473.29999999999
37,B,2023,2696.8799999999974,14532.67
37,B,2024,1978.7499999999986,20845.440000000002
38,B,2022,1892.5699999999997,10991.25
38,B,2023,7488.259999999998,31278.199999999997
38,B,2024,4351.600000000001,55791.24
39,B,2022,6419.160000000004,44695.94999999999
39,B,2023,13600.099999999995,177629.35000000003
39,B,2024,16645.810000000023,150665.30000000002
40,B,2022,10251.540000000006,143960.15000000002
40,B,2023,13133.179999999997,129121.1
40,B,2024,18716.829999999994,184019.22
41,B,2022,15438.120000000003,139217.2499999999
41,B,2023,17635.42,136493.80000000002
41,B,2024,10097.22,133456.87999999998
42,B,2022,17099.949999999997,97653.34999999999
42,B,2023,12010.869999999997,107150.12
42,B,2024,9585.890000000009,121807.87
43,B,2022,11050.259999999998,83206.94999999997
43,B,2023,7996.069999999999,80946
43,B,2024,9984.670000000002,109408.64
44,B,2022,9822.999999999998,84783.95
44,B,2023,6058.3100000000095,81283
44,B,2024,8915.48000000002,114199.36
45,B,2022,10420.970000000007,70527.34999999996
45,B,2023,6426.880000000007,65897.98000000001
45,B,2024,9659.470000000018,81478.79000000001
46,B,2022,9796.830000000002,70036.94999999998
46,B,2023,8278.599999999997,72591.79999999999
46,B,2024,12967.290000000035,128600.78
47,B,2022,10005.619999999995,91864.99999999997
47,B,2023,9188.219999999996,137770.5
47,B,2024,23134.650000000005,296846.63
48,B,2022,11024.619999999999,110144.69999999998
48,B,2023,2319.2699999999986,33383.880000000005
48,B,2024,3147.2599999999984,37312.399999999994
49,B,2022,8597.070000000002,32560.10000000001
49,B,2023,3286.37,34344.950000000004
49,B,2024,3121.360000000001,28749.95
50,B,2022,7214.929999999996,30106.95
50,B,2023,3826.110000000001,24296.5
50,B,2024,5226.2,60364.400000000016
51,B,2022,5666.530000000001,35179.450000000004
51,B,2023,5842.940000000005,74317.11000000002
51,B,2024,11092.950000000013,185213.79
1,C,2022,40527.49616000001,258474.30999999988
1,C,2023,38343.640000000014,252732.04999999993
1,C,2024,31056.560000000005,256761.05
1,C,2025,34297.67000000001,448136.42000000004
2,C,2022,32919.755248,274269.4099999999
2,C,2023,39138.14,295660.8900000001
2,C,2024,23673.870000000003,189442.5
2,C,2025,37267.959999999985,368569.08999999997
3,C,2022,47643.878867999956,255043.6100000001
3,C,2023,39449.04000000001,237175.05999999994
3,C,2024,27311.480000000003,179398.21
3,C,2025,26293.320000000007,295473
4,C,2022,63737.84496499998,374010.6700000001
4,C,2023,28033.179999999993,190720.19999999995
4,C,2024,23983.120000000006,187679.01000000004
4,C,2025,30400,355000
5,C,2022,38265.64518300001,241360.59999999992
5,C,2023,29635.64,249356.26
5,C,2024,29367.140000000018,317799.1800000001
5,C,2025,34917,364536
6,C,2022,30158.849555999986,214121.84999999998
6,C,2023,27545.059999999983,199828.17999999996
6,C,2024,35685.040000000015,282854.23
6,C,2025,30842,352540
7,C,2022,24796.71669400001,179055.88999999993
7,C,2023,26196.279999999995,214630.6499999999
7,C,2024,30468.229999999996,270385.66
7,C,2025,34000,406000
8,C,2022,26049.102466000008,202247.84999999992
8,C,2023,27553.870000000006,167367.71999999997
8,C,2024,27081.97,282062.75000000006
8,C,2025,29000,431000
9,C,2022,19801.355886999994,120390.10999999996
9,C,2023,24161.460000000006,170763.56999999998
9,C,2024,18304.850000000006,253466.88000000006
9,C,2025,20383,313000
10,C,2022,17757.402373999983,84490.99999999999
10,C,2023,22520.63,110736.57999999999
10,C,2024,11841.720000000005,113772.89
10,C,2025,35000,339000
11,C,2022,18285.164252000006,85364.34999999998
11,C,2023,18893.320000000014,122717.77999999997
11,C,2024,18165.17000000001,167718.90000000002
12,C,2022,17481.004024999995,124116.13999999996
12,C,2023,20229.580000000016,180072.76
12,C,2024,26980.000000000007,248631.83000000002
13,C,2022,21589.571200999995,130230.93999999994
13,C,2023,26464.67,202601.7699999999
13,C,2024,27584.780000000006,222284.6400000001
14,C,2022,24281.345899000007,138795.80999999997
14,C,2023,26980.28,176856.03999999998
14,C,2024,28294.09000000001,231046.02
15,C,2022,25015.742842,129873.60999999996
15,C,2023,24242.120000000003,157918.88999999996
15,C,2024,25580.110000000008,212217.69999999995
16,C,2022,24778.73562300001,97477.47
16,C,2023,20855.98,127344.48999999996
16,C,2024,21745.74000000001,178795.11000000004
17,C,2022,20554.35782399999,90358.55999999997
17,C,2023,14146.420000000004,136741.49
17,C,2024,27271.05000000001,226234.64999999997
18,C,2022,16848.556075,73082.79999999997
18,C,2023,23591.339999999997,186869.18999999994
18,C,2024,20381.290000000005,164712.06
19,C,2022,16127.656764000008,64822.53999999999
19,C,2023,19810.02999999999,146364.05999999997
19,C,2024,20116.770000000008,186131.02
20,C,2022,18587.923331000013,107904.20999999996
20,C,2023,21300.829999999994,230071.32999999993
20,C,2024,30250.310000000034,364043.4200000001
21,C,2022,24278.18611100001,169464.89999999997
21,C,2023,20492.66999999999,180045.51999999996
21,C,2024,25103.890000000007,290725.28
22,C,2022,21174.809319000007,145324.94999999998
22,C,2023,15891.310000000001,156327.06999999998
22,C,2024,14673.910000000005,197656.89
23,C,2022,16705.36647900001,100970.09999999998
23,C,2023,13870.139999999985,68679.31
23,C,2024,12319.809999999996,109029.44
24,C,2022,14697.095476999999,87412.24999999999
24,C,2023,24746.550000000003,115198.21999999997
24,C,2024,18500.939999999988,188685.27
25,C,2022,17557.921034,135213.29999999996
25,C,2023,33003.479999999996,213995.81999999995
25,C,2024,32153.600000000006,273406.67
26,C,2022,23959.677775999997,168304.59999999998
26,C,2023,31291.020000000004,251860.76
26,C,2024,36643.490000000005,273370.04000000004
27,C,2022,24739.73330099998,180516.8999999999
27,C,2023,21940.54,158945.40999999997
27,C,2024,36855.41000000003,340375.43000000005
28,C,2022,25234.813417999998,172639.39999999994
28,C,2023,25232.059999999998,169128.49
28,C,2024,35158.450000000026,291659.07000000007
29,C,2022,23717.21,149937.27
29,C,2023,23945.61,206817.39999999997
29,C,2024,31964.510000000024,329351.30999999994
30,C,2022,28640.34999999999,252498.91999999993
30,C,2023,28481.080000000005,202671.26999999993
30,C,2024,34430.95000000002,333238.35000000003
31,C,2022,33810.65,206620.7199999999
31,C,2023,26247.930000000008,186905.83
31,C,2024,38468.94000000003,363078.68
32,C,2022,31649.76999999999,214373.25999999995
32,C,2023,18150.82,178514.23000000004
32,C,2024,38720.54,315048.57000000007
33,C,2022,29549.99999999998,210322.70999999996
33,C,2023,33259.64000000002,269020.48
33,C,2024,47364.93999999999,406446.70999999985
34,C,2022,30622.480000000007,411634.55000000016
34,C,2023,30986.84,215471.94
34,C,2024,39046.53000000002,340881.06999999995
35,C,2022,26727.210000000006,198297.93999999997
35,C,2023,10146.570000000003,80777.74000000002
35,C,2024,21003.629999999997,150131.86
36,C,2022,14779.780000000008,74535.5
36,C,2023,17298.130000000005,69061.79999999999
36,C,2024,10718.71,90440.48999999999
37,C,2022,10003.740000000002,65735.93999999999
37,C,2023,21597.460000000006,91564.08000000003
37,C,2024,11615.11,82123.58
38,C,2022,11053.850000000004,109968.20999999999
38,C,2023,41911.68999999999,265945.81
38,C,2024,20927.510000000028,236272.60999999996
39,C,2022,44189.83,338048.5500000001
39,C,2023,40646.93999999999,367891.80000000005
39,C,2024,37306.60000000002,413381.57999999996
40,C,2022,39806.25,307814.07999999996
40,C,2023,41296.929999999986,283729.22
40,C,2024,34994.67999999998,376263.6100000001
41,C,2022,40880.64000000001,262892.4099999999
41,C,2023,47047.02999999999,284356.62
41,C,2024,29181.719999999994,301377.11999999994
42,C,2022,35759.05999999999,204222.81999999995
42,C,2023,30052.12999999999,234263.82
42,C,2024,29220.990000000005,373623.2399999999
43,C,2022,31560.530000000002,206416.51999999996
43,C,2023,21600.510000000013,186246.14999999997
43,C,2024,25450.69,273359.77
44,C,2022,30117.32,208091.53999999998
44,C,2023,22586.890000000007,198141.19000000006
44,C,2024,24653.23000000001,301529.11000000004
45,C,2022,30649.610000000015,179198.88999999996
45,C,2023,26905.220000000023,199184.08000000002
45,C,2024,29491.590000000026,295261.5900000001
46,C,2022,32314.34000000001,213604.18999999997
46,C,2023,41138.25000000001,268985.93000000005
46,C,2024,36000.01000000003,409718.2500000001
47,C,2022,30583.14,252412.16000000003
47,C,2023,18026.629999999997,190265.83
47,C,2024,28318.130000000012,358011.33
48,C,2022,24645.990000000005,157335.39999999997
48,C,2023,8908.779999999999,62453.55
48,C,2024,8486.080000000005,100548.08
49,C,2022,18874.719999999994,83464.84999999999
49,C,2023,11982.690000000002,69025.58000000002
49,C,2024,11405.589999999998,126634.51999999999
50,C,2022,18280.500000000007,94918.00999999997
50,C,2023,15012.110000000011,130009.68000000007
50,C,2024,16381.11,209991.73
51,C,2022,24248.73999999999,131327.52
51,C,2023,29794.900000000023,231902.59
51,C,2024,25804.4,345960.63
