financial_year,week_number,channel_slot,cost,updated_at,updated_by
2022,1,A,28096.16616,2026-08-19,bootstrap
2023,1,A,25018.270000000008,2026-08-19,bootstrap
2024,1,A,21540,2026-08-19,bootstrap
2025,1,A,19401.48000000001,2026-08-19,bootstrap
2022,2,A,24506.895248000008,2026-08-19,bootstrap
2023,2,A,24440.870000000003,2026-08-19,bootstrap
2024,2,A,16641.2,2026-08-19,bootstrap
2025,2,A,21828.00999999998,2026-08-19,bootstrap
2022,3,A,37596.70886799994,2026-08-19,bootstrap
2023,3,A,24566.690000000013,2026-08-19,bootstrap
2024,3,A,19047.37000000001,2026-08-19,bootstrap
2025,3,A,16257.169999999995,2026-08-19,bootstrap
2022,4,A,49247.314964999976,2026-08-19,bootstrap
2023,4,A,16298.91999999999,2026-08-19,bootstrap
2024,4,A,21450.600000000006,2026-08-19,bootstrap
2025,4,A,18200,2026-08-19,bootstrap
2022,5,A,23595.505182999994,2026-08-19,bootstrap
2023,5,A,18401.530000000002,2026-08-19,bootstrap
2024,5,A,18451.250000000022,2026-08-19,bootstrap
2025,5,A,21488,2026-08-19,bootstrap
2022,6,A,19388.229556,2026-08-19,bootstrap
2023,6,A,18023.049999999985,2026-08-19,bootstrap
2024,6,A,26918.68000000001,2026-08-19,bootstrap
2025,6,A,18864,2026-08-19,bootstrap
2022,7,A,14932.026694000006,2026-08-19,bootstrap
2023,7,A,18279.53,2026-08-19,bootstrap
2024,7,A,20645.319999999996,2026-08-19,bootstrap
2022,8,A,17059.622465999997,2026-08-19,bootstrap
2023,8,A,16925.280000000002,2026-08-19,bootstrap
2024,8,A,13193.179999999998,2026-08-19,bootstrap
2022,9,A,11840.135886999999,2026-08-19,bootstrap
2023,9,A,16164.460000000008,2026-08-19,bootstrap
2024,9,A,9093.900000000005,2026-08-19,bootstrap
2022,10,A,8862.432373999993,2026-08-19,bootstrap
2023,10,A,14968.350000000002,2026-08-19,bootstrap
2024,10,A,9032.320000000005,2026-08-19,bootstrap
2022,11,A,12678.354252000016,2026-08-19,bootstrap
2023,11,A,12729.74000000001,2026-08-19,bootstrap
2024,11,A,14338.830000000007,2026-08-19,bootstrap
2022,12,A,13239.904024999996,2026-08-19,bootstrap
2023,12,A,15156.720000000014,2026-08-19,bootstrap
2024,12,A,22129.30000000001,2026-08-19,bootstrap
2022,13,A,16551.47120099999,2026-08-19,bootstrap
2023,13,A,16214.139999999998,2026-08-19,bootstrap
2024,13,A,19715.200000000008,2026-08-19,bootstrap
2022,14,A,16665.36589900001,2026-08-19,bootstrap
2023,14,A,12669.290000000003,2026-08-19,bootstrap
2024,14,A,19895.78000000001,2026-08-19,bootstrap
2022,15,A,14610.602842000006,2026-08-19,bootstrap
2023,15,A,11901.339999999995,2026-08-19,bootstrap
2024,15,A,17366.160000000007,2026-08-19,bootstrap
2022,16,A,16723.985623000004,2026-08-19,bootstrap
2023,16,A,10909.85000000001,2026-08-19,bootstrap
2024,16,A,14670.91000000001,2026-08-19,bootstrap
2022,17,A,13564.427823999993,2026-08-19,bootstrap
2023,17,A,12103.840000000002,2026-08-19,bootstrap
2024,17,A,15285.650000000005,2026-08-19,bootstrap
2022,18,A,11536.686075000001,2026-08-19,bootstrap
2023,18,A,18260.539999999994,2026-08-19,bootstrap
2024,18,A,13240.810000000005,2026-08-19,bootstrap
2022,19,A,10443.326764000001,2026-08-19,bootstrap
2023,19,A,14279.62999999999,2026-08-19,bootstrap
2024,19,A,12712.550000000003,2026-08-19,bootstrap
2022,20,A,12998.49333100001,2026-08-19,bootstrap
2023,20,A,15046.299999999996,2026-08-19,bootstrap
2024,20,A,22854.39000000002,2026-08-19,bootstrap
2022,21,A,19597.326111000002,2026-08-19,bootstrap
2023,21,A,13371.209999999992,2026-08-19,bootstrap
2024,21,A,12998.660000000002,2026-08-19,bootstrap
2022,22,A,13755.139319,2026-08-19,bootstrap
2023,22,A,10081.94,2026-08-19,bootstrap
2024,22,A,9467.35,2026-08-19,bootstrap
2022,23,A,11477.296479000002,2026-08-19,bootstrap
2023,23,A,10895.259999999986,2026-08-19,bootstrap
2024,23,A,8454.819999999998,2026-08-19,bootstrap
2022,24,A,10421.735476999998,2026-08-19,bootstrap
2023,24,A,22378.090000000004,2026-08-19,bootstrap
2024,24,A,13894.779999999988,2026-08-19,bootstrap
2022,25,A,13058.131034,2026-08-19,bootstrap
2023,25,A,27101.93999999999,2026-08-19,bootstrap
2024,25,A,25149.959999999995,2026-08-19,bootstrap
2022,26,A,18288.227775999996,2026-08-19,bootstrap
2023,26,A,12184.730000000001,2026-08-19,bootstrap
2024,26,A,24367.419999999995,2026-08-19,bootstrap
2022,27,A,15177.94330099998,2026-08-19,bootstrap
2023,27,A,11484.829999999996,2026-08-19,bootstrap
2024,27,A,24752.97000000001,2026-08-19,bootstrap
2022,28,A,13954.443418000003,2026-08-19,bootstrap
2023,28,A,18961.699999999997,2026-08-19,bootstrap
2024,28,A,23159.87000000001,2026-08-19,bootstrap
2022,29,A,11752.86,2026-08-19,bootstrap
2023,29,A,16562.140000000003,2026-08-19,bootstrap
2024,29,A,20524.06000000001,2026-08-19,bootstrap
2022,30,A,18322.69999999999,2026-08-19,bootstrap
2023,30,A,21445.06000000001,2026-08-19,bootstrap
2024,30,A,23049.619999999974,2026-08-19,bootstrap
2022,31,A,22782.090000000004,2026-08-19,bootstrap
2023,31,A,20573.340000000007,2026-08-19,bootstrap
2024,31,A,26546.080000000016,2026-08-19,bootstrap
2022,32,A,21443.97999999999,2026-08-19,bootstrap
2023,32,A,10352.48,2026-08-19,bootstrap
2024,32,A,25596.429999999997,2026-08-19,bootstrap
2022,33,A,20181.559999999987,2026-08-19,bootstrap
2023,33,A,26512.85000000002,2026-08-19,bootstrap
2024,33,A,33105.33999999998,2026-08-19,bootstrap
2022,34,A,21844.630000000005,2026-08-19,bootstrap
2023,34,A,9784.53000000001,2026-08-19,bootstrap
2024,34,A,24512.220000000005,2026-08-19,bootstrap
2022,35,A,17574.29000000001,2026-08-19,bootstrap
2023,35,A,7130.420000000004,2026-08-19,bootstrap
2024,35,A,9892.730000000007,2026-08-19,bootstrap
2022,36,A,9747.440000000006,2026-08-19,bootstrap
2023,36,A,14829.360000000006,2026-08-19,bootstrap
2024,36,A,5870.790000000001,2026-08-19,bootstrap
2022,37,A,7332.3200000000015,2026-08-19,bootstrap
2023,37,A,18900.58000000001,2026-08-19,bootstrap
2024,37,A,9636.360000000002,2026-08-19,bootstrap
2022,38,A,9161.280000000004,2026-08-19,bootstrap
2023,38,A,34423.429999999986,2026-08-19,bootstrap
2024,38,A,16575.910000000025,2026-08-19,bootstrap
2022,39,A,37770.67,2026-08-19,bootstrap
2023,39,A,27046.83999999999,2026-08-19,bootstrap
2024,39,A,20660.79,2026-08-19,bootstrap
2022,40,A,29554.709999999992,2026-08-19,bootstrap
2023,40,A,28163.74999999999,2026-08-19,bootstrap
2024,40,A,16277.849999999982,2026-08-19,bootstrap
2022,41,A,25442.520000000004,2026-08-19,bootstrap
2023,41,A,29411.609999999993,2026-08-19,bootstrap
2024,41,A,19084.499999999996,2026-08-19,bootstrap
2022,42,A,18659.109999999993,2026-08-19,bootstrap
2023,42,A,18041.259999999995,2026-08-19,bootstrap
2024,42,A,19635.1,2026-08-19,bootstrap
2022,43,A,20510.270000000004,2026-08-19,bootstrap
2023,43,A,13604.440000000013,2026-08-19,bootstrap
2024,43,A,15466.019999999997,2026-08-19,bootstrap
2022,44,A,20294.320000000003,2026-08-19,bootstrap
2023,44,A,16528.579999999998,2026-08-19,bootstrap
2024,44,A,15737.74999999999,2026-08-19,bootstrap
2022,45,A,20228.64000000001,2026-08-19,bootstrap
2023,45,A,20478.340000000015,2026-08-19,bootstrap
2024,45,A,19832.12000000001,2026-08-19,bootstrap
2022,46,A,22517.51000000001,2026-08-19,bootstrap
2023,46,A,32859.65000000001,2026-08-19,bootstrap
2024,46,A,23032.719999999994,2026-08-19,bootstrap
2022,47,A,20577.520000000004,2026-08-19,bootstrap
2023,47,A,8838.410000000003,2026-08-19,bootstrap
2024,47,A,5183.480000000005,2026-08-19,bootstrap
2022,48,A,13621.370000000008,2026-08-19,bootstrap
2023,48,A,6589.51,2026-08-19,bootstrap
2024,48,A,5338.820000000006,2026-08-19,bootstrap
2022,49,A,10277.64999999999,2026-08-19,bootstrap
2023,49,A,8696.320000000003,2026-08-19,bootstrap
2024,49,A,8284.229999999998,2026-08-19,bootstrap
2022,50,A,11065.57000000001,2026-08-19,bootstrap
2023,50,A,11186.000000000011,2026-08-19,bootstrap
2024,50,A,11154.91,2026-08-19,bootstrap
2022,51,A,18582.209999999992,2026-08-19,bootstrap
2023,51,A,23951.960000000017,2026-08-19,bootstrap
2024,51,A,14711.44999999999,2026-08-19,bootstrap
2022,1,B,12431.330000000005,2026-08-19,bootstrap
2023,1,B,13325.370000000006,2026-08-19,bootstrap
2024,1,B,9516.560000000005,2026-08-19,bootstrap
2025,1,B,14896.19,2026-08-19,bootstrap
2022,2,B,8412.859999999997,2026-08-19,bootstrap
2023,2,B,14697.27,2026-08-19,bootstrap
2024,2,B,7032.670000000004,2026-08-19,bootstrap
2025,2,B,15439.950000000006,2026-08-19,bootstrap
2022,3,B,10047.170000000011,2026-08-19,bootstrap
2023,3,B,14882.349999999997,2026-08-19,bootstrap
2024,3,B,8264.109999999993,2026-08-19,bootstrap
2025,3,B,10036.15000000001,2026-08-19,bootstrap
2022,4,B,14490.530000000002,2026-08-19,bootstrap
2023,4,B,11734.260000000004,2026-08-19,bootstrap
2024,4,B,2532.519999999999,2026-08-19,bootstrap
2025,4,B,12200,2026-08-19,bootstrap
2022,5,B,14670.140000000016,2026-08-19,bootstrap
2023,5,B,11234.109999999999,2026-08-19,bootstrap
2024,5,B,10915.889999999996,2026-08-19,bootstrap
2025,5,B,13429,2026-08-19,bootstrap
2022,6,B,10770.61999999999,2026-08-19,bootstrap
2023,6,B,9522.009999999998,2026-08-19,bootstrap
2024,6,B,8766.360000000002,2026-08-19,bootstrap
2025,6,B,11978,2026-08-19,bootstrap
2022,7,B,9864.690000000002,2026-08-19,bootstrap
2023,7,B,7916.749999999996,2026-08-19,bootstrap
2024,7,B,9822.910000000002,2026-08-19,bootstrap
2022,8,B,8989.48000000001,2026-08-19,bootstrap
2023,8,B,10628.590000000004,2026-08-19,bootstrap
2024,8,B,13888.790000000005,2026-08-19,bootstrap
2022,9,B,7961.219999999995,2026-08-19,bootstrap
2023,9,B,7997,2026-08-19,bootstrap
2024,9,B,9210.949999999999,2026-08-19,bootstrap
2022,10,B,8894.96999999999,2026-08-19,bootstrap
2023,10,B,7552.279999999998,2026-08-19,bootstrap
2024,10,B,2809.4,2026-08-19,bootstrap
2022,11,B,5606.80999999999,2026-08-19,bootstrap
2023,11,B,6163.580000000004,2026-08-19,bootstrap
2024,11,B,3826.340000000001,2026-08-19,bootstrap
2022,12,B,4241.1,2026-08-19,bootstrap
2023,12,B,5072.860000000001,2026-08-19,bootstrap
2024,12,B,4850.699999999998,2026-08-19,bootstrap
2022,13,B,5038.100000000007,2026-08-19,bootstrap
2023,13,B,10250.530000000002,2026-08-19,bootstrap
2024,13,B,7869.579999999996,2026-08-19,bootstrap
2022,14,B,7615.979999999995,2026-08-19,bootstrap
2023,14,B,14310.989999999996,2026-08-19,bootstrap
2024,14,B,8398.31,2026-08-19,bootstrap
2022,15,B,10405.139999999996,2026-08-19,bootstrap
2023,15,B,12340.780000000006,2026-08-19,bootstrap
2024,15,B,8213.950000000003,2026-08-19,bootstrap
2022,16,B,8054.750000000007,2026-08-19,bootstrap
2023,16,B,9946.12999999999,2026-08-19,bootstrap
2024,16,B,7074.829999999999,2026-08-19,bootstrap
2022,17,B,6989.929999999997,2026-08-19,bootstrap
2023,17,B,2042.580000000001,2026-08-19,bootstrap
2024,17,B,11985.400000000007,2026-08-19,bootstrap
2022,18,B,5311.870000000001,2026-08-19,bootstrap
2023,18,B,5330.800000000002,2026-08-19,bootstrap
2024,18,B,7140.479999999999,2026-08-19,bootstrap
2022,19,B,5684.330000000007,2026-08-19,bootstrap
2023,19,B,5530.4000000000015,2026-08-19,bootstrap
2024,19,B,7404.220000000004,2026-08-19,bootstrap
2022,20,B,5589.430000000004,2026-08-19,bootstrap
2023,20,B,6254.529999999999,2026-08-19,bootstrap
2024,20,B,7395.920000000014,2026-08-19,bootstrap
2022,21,B,4680.860000000006,2026-08-19,bootstrap
2023,21,B,7121.460000000001,2026-08-19,bootstrap
2024,21,B,12105.230000000007,2026-08-19,bootstrap
2022,22,B,7419.670000000008,2026-08-19,bootstrap
2023,22,B,5809.370000000001,2026-08-19,bootstrap
2024,22,B,5206.560000000005,2026-08-19,bootstrap
2022,23,B,5228.070000000008,2026-08-19,bootstrap
2023,23,B,2974.88,2026-08-19,bootstrap
2024,23,B,3864.989999999998,2026-08-19,bootstrap
2022,24,B,4275.3600000000015,2026-08-19,bootstrap
2023,24,B,2368.46,2026-08-19,bootstrap
2024,24,B,4606.160000000001,2026-08-19,bootstrap
2022,25,B,4499.789999999999,2026-08-19,bootstrap
2023,25,B,5901.540000000003,2026-08-19,bootstrap
2024,25,B,7003.64000000001,2026-08-19,bootstrap
2022,26,B,5671.450000000002,2026-08-19,bootstrap
2023,26,B,19106.29,2026-08-19,bootstrap
2024,26,B,12276.070000000007,2026-08-19,bootstrap
2022,27,B,9561.789999999999,2026-08-19,bootstrap
2023,27,B,10455.710000000006,2026-08-19,bootstrap
2024,27,B,12102.44000000002,2026-08-19,bootstrap
2022,28,B,11280.369999999997,2026-08-19,bootstrap
2023,28,B,6270.36,2026-08-19,bootstrap
2024,28,B,11998.580000000013,2026-08-19,bootstrap
2022,29,B,11964.35,2026-08-19,bootstrap
2023,29,B,7383.469999999998,2026-08-19,bootstrap
2024,29,B,11440.450000000017,2026-08-19,bootstrap
2022,30,B,10317.65,2026-08-19,bootstrap
2023,30,B,7036.019999999996,2026-08-19,bootstrap
2024,30,B,11381.330000000044,2026-08-19,bootstrap
2022,31,B,11028.559999999998,2026-08-19,bootstrap
2023,31,B,5674.59,2026-08-19,bootstrap
2024,31,B,11922.860000000017,2026-08-19,bootstrap
2022,32,B,10205.790000000003,2026-08-19,bootstrap
2023,32,B,7798.340000000002,2026-08-19,bootstrap
2024,32,B,13124.110000000006,2026-08-19,bootstrap
2022,33,B,9368.439999999995,2026-08-19,bootstrap
2023,33,B,6746.789999999999,2026-08-19,bootstrap
2024,33,B,14259.600000000002,2026-08-19,bootstrap
2022,34,B,8777.850000000002,2026-08-19,bootstrap
2023,34,B,21202.30999999999,2026-08-19,bootstrap
2024,34,B,14534.310000000014,2026-08-19,bootstrap
2022,35,B,9152.919999999996,2026-08-19,bootstrap
2023,35,B,3016.149999999999,2026-08-19,bootstrap
2024,35,B,11110.89999999999,2026-08-19,bootstrap
2022,36,B,5032.340000000002,2026-08-19,bootstrap
2023,36,B,2468.77,2026-08-19,bootstrap
2024,36,B,4847.919999999997,2026-08-19,bootstrap
2022,37,B,2671.42,2026-08-19,bootstrap
2023,37,B,2696.8799999999974,2026-08-19,bootstrap
2024,37,B,1978.7499999999986,2026-08-19,bootstrap
2022,38,B,1892.5699999999997,2026-08-19,bootstrap
2023,38,B,7488.259999999998,2026-08-19,bootstrap
2024,38,B,4351.600000000001,2026-08-19,bootstrap
2022,39,B,6419.160000000004,2026-08-19,bootstrap
2023,39,B,13600.099999999995,2026-08-19,bootstrap
2024,39,B,16645.810000000023,2026-08-19,bootstrap
2022,40,B,10251.540000000006,2026-08-19,bootstrap
2023,40,B,13133.179999999997,2026-08-19,bootstrap
2024,40,B,18716.829999999994,2026-08-19,bootstrap
2022,41,B,15438.120000000003,2026-08-19,bootstrap
2023,41,B,17635.42,2026-08-19,bootstrap
2024,41,B,10097.22,2026-08-19,bootstrap
2022,42,B,17099.949999999997,2026-08-19,bootstrap
2023,42,B,12010.869999999997,2026-08-19,bootstrap
2024,42,B,9585.890000000009,2026-08-19,bootstrap
2022,43,B,11050.259999999998,2026-08-19,bootstrap
2023,43,B,7996.069999999999,2026-08-19,bootstrap
2024,43,B,9984.670000000002,2026-08-19,bootstrap
2022,44,B,9822.999999999998,2026-08-19,bootstrap
2023,44,B,6058.3100000000095,2026-08-19,bootstrap
2024,44,B,8915.48000000002,2026-08-19,bootstrap
2022,45,B,10420.970000000007,2026-08-19,bootstrap
2023,45,B,6426.880000000007,2026-08-19,bootstrap
2024,45,B,9659.470000000018,2026-08-19,bootstrap
2022,46,B,9796.830000000002,2026-08-19,bootstrap
2023,46,B,8278.599999999997,2026-08-19,bootstrap
2024,46,B,12967.290000000035,2026-08-19,bootstrap
2022,47,B,10005.619999999995,2026-08-19,bootstrap
2023,47,B,9188.219999999996,2026-08-19,bootstrap
2024,47,B,23134.650000000005,2026-08-19,bootstrap
2022,48,B,11024.619999999999,2026-08-19,bootstrap
2023,48,B,2319.2699999999986,2026-08-19,bootstrap
2024,48,B,3147.2599999999984,2026-08-19,bootstrap
2022,49,B,8597.070000000002,2026-08-19,bootstrap
2023,49,B,3286.37,2026-08-19,bootstrap
2024,49,B,3121.360000000001,2026-08-19,bootstrap
2022,50,B,7214.929999999996,2026-08-19,bootstrap
2023,50,B,3826.110000000001,2026-08-19,bootstrap
2024,50,B,5226.2,2026-08-19,bootstrap
2022,51,B,5666.530000000001,2026-08-19,bootstrap
2023,51,B,5842.940000000005,2026-08-19,bootstrap
2024,51,B,11092.950000000013,2026-08-19,bootstrap
2022,1,C,40527.49616000001,2026-08-19,bootstrap
2023,1,C,38343.640000000014,2026-08-19,bootstrap
2024,1,C,31056.560000000005,2026-08-19,bootstrap
2025,1,C,34297.67000000001,2026-08-19,bootstrap
2022,2,C,32919.755248,2026-08-19,bootstrap
2023,2,C,39138.14,2026-08-19,bootstrap
2024,2,C,23673.870000000003,2026-08-19,bootstrap
2025,2,C,37267.959999999985,2026-08-19,bootstrap
2022,3,C,47643.878867999956,2026-08-19,bootstrap
2023,3,C,39449.04000000001,2026-08-19,bootstrap
2024,3,C,27311.480000000003,2026-08-19,bootstrap
2025,3,C,26293.320000000007,2026-08-19,bootstrap
2022,4,C,63737.84496499998,2026-08-19,bootstrap
2023,4,C,28033.179999999993,2026-08-19,bootstrap
2024,4,C,23983.120000000006,2026-08-19,bootstrap
2025,4,C,30400,2026-08-19,bootstrap
2022,5,C,38265.64518300001,2026-08-19,bootstrap
2023,5,C,29635.64,2026-08-19,bootstrap
2024,5,C,29367.140000000018,2026-08-19,bootstrap
2025,5,C,34917,2026-08-19,bootstrap
2022,6,C,30158.849555999986,2026-08-19,bootstrap
2023,6,C,27545.059999999983,2026-08-19,bootstrap
2024,6,C,35685.040000000015,2026-08-19,bootstrap
2025,6,C,30842,2026-08-19,bootstrap
2022,7,C,24796.71669400001,2026-08-19,bootstrap
2023,7,C,26196.279999999995,2026-08-19,bootstrap
2024,7,C,30468.229999999996,2026-08-19,bootstrap
2025,7,C,34000,2026-08-19,bootstrap
2022,8,C,26049.102466000008,2026-08-19,bootstrap
2023,8,C,27553.870000000006,2026-08-19,bootstrap
2024,8,C,27081.97,2026-08-19,bootstrap
2025,8,C,29000,2026-08-19,bootstrap
2022,9,C,19801.355886999994,2026-08-19,bootstrap
2023,9,C,24161.460000000006,2026-08-19,bootstrap
2024,9,C,18304.850000000006,2026-08-19,bootstrap
2025,9,C,20383,2026-08-19,bootstrap
2022,10,C,17757.402373999983,2026-08-19,bootstrap
2023,10,C,22520.63,2026-08-19,bootstrap
2024,10,C,11841.720000000005,2026-08-19,bootstrap
2025,10,C,35000,2026-08-19,bootstrap
2022,11,C,18285.164252000006,2026-08-19,bootstrap
2023,11,C,18893.320000000014,2026-08-19,bootstrap
2024,11,C,18165.17000000001,2026-08-19,bootstrap
2022,12,C,17481.004024999995,2026-08-19,bootstrap
2023,12,C,20229.580000000016,2026-08-19,bootstrap
2024,12,C,26980.000000000007,2026-08-19,bootstrap
2022,13,C,21589.571200999995,2026-08-19,bootstrap
2023,13,C,26464.67,2026-08-19,bootstrap
2024,13,C,27584.780000000006,2026-08-19,bootstrap
2022,14,C,24281.345899000007,2026-08-19,bootstrap
2023,14,C,26980.28,2026-08-19,bootstrap
2024,14,C,28294.09000000001,2026-08-19,bootstrap
2022,15,C,25015.742842,2026-08-19,bootstrap
2023,15,C,24242.120000000003,2026-08-19,bootstrap
2024,15,C,25580.110000000008,2026-08-19,bootstrap
2022,16,C,24778.73562300001,2026-08-19,bootstrap
2023,16,C,20855.98,2026-08-19,bootstrap
2024,16,C,21745.74000000001,2026-08-19,bootstrap
2022,17,C,20554.35782399999,2026-08-19,bootstrap
2023,17,C,14146.420000000004,2026-08-19,bootstrap
2024,17,C,27271.05000000001,2026-08-19,bootstrap
2022,18,C,16848.556075,2026-08-19,bootstrap
2023,18,C,23591.339999999997,2026-08-19,bootstrap
2024,18,C,20381.290000000005,2026-08-19,bootstrap
2022,19,C,16127.656764000008,2026-08-19,bootstrap
2023,19,C,19810.02999999999,2026-08-19,bootstrap
2024,19,C,20116.770000000008,2026-08-19,bootstrap
2022,20,C,18587.923331000013,2026-08-19,bootstrap
2023,20,C,21300.829999999994,2026-08-19,bootstrap
2024,20,C,30250.310000000034,2026-08-19,bootstrap
2022,21,C,24278.18611100001,2026-08-19,bootstrap
2023,21,C,20492.66999999999,2026-08-19,bootstrap
2024,21,C,25103.890000000007,2026-08-19,bootstrap
2022,22,C,21174.809319000007,2026-08-19,bootstrap
2023,22,C,15891.310000000001,2026-08-19,bootstrap
2024,22,C,14673.910000000005,2026-08-19,bootstrap
2022,23,C,16705.36647900001,2026-08-19,bootstrap
2023,23,C,13870.139999999985,2026-08-19,bootstrap
2024,23,C,12319.809999999996,2026-08-19,bootstrap
2022,24,C,14697.095476999999,2026-08-19,bootstrap
2023,24,C,24746.550000000003,2026-08-19,bootstrap
2024,24,C,18500.939999999988,2026-08-19,bootstrap
2022,25,C,17557.921034,2026-08-19,bootstrap
2023,25,C,33003.479999999996,2026-08-19,bootstrap
2024,25,C,32153.600000000006,2026-08-19,bootstrap
2022,26,C,23959.677775999997,2026-08-19,bootstrap
2023,26,C,31291.020000000004,2026-08-19,bootstrap
2024,26,C,36643.490000000005,2026-08-19,bootstrap
2022,27,C,24739.73330099998,2026-08-19,bootstrap
2023,27,C,21940.54,2026-08-19,bootstrap
2024,27,C,36855.41000000003,2026-08-19,bootstrap
2022,28,C,25234.813417999998,2026-08-19,bootstrap
2023,28,C,25232.059999999998,2026-08-19,bootstrap
2024,28,C,35158.450000000026,2026-08-19,bootstrap
2022,29,C,23717.21,2026-08-19,bootstrap
2023,29,C,23945.61,2026-08-19,bootstrap
2024,29,C,31964.510000000024,2026-08-19,bootstrap
2022,30,C,28640.34999999999,2026-08-19,bootstrap
2023,30,C,28481.080000000005,2026-08-19,bootstrap
2024,30,C,34430.95000000002,2026-08-19,bootstrap
2022,31,C,33810.65,2026-08-19,bootstrap
2023,31,C,26247.930000000008,2026-08-19,bootstrap
2024,31,C,38468.94000000003,2026-08-19,bootstrap
2022,32,C,31649.76999999999,2026-08-19,bootstrap
2023,32,C,18150.82,2026-08-19,bootstrap
2024,32,C,38720.54,2026-08-19,bootstrap
2022,33,C,29549.99999999998,2026-08-19,bootstrap
2023,33,C,33259.64000000002,2026-08-19,bootstrap
2024,33,C,47364.93999999999,2026-08-19,bootstrap
2022,34,C,30622.480000000007,2026-08-19,bootstrap
2023,34,C,30986.84,2026-08-19,bootstrap
2024,34,C,39046.53000000002,2026-08-19,bootstrap
2022,35,C,26727.210000000006,2026-08-19,bootstrap
2023,35,C,10146.570000000003,2026-08-19,bootstrap
2024,35,C,21003.629999999997,2026-08-19,bootstrap
2022,36,C,14779.780000000008,2026-08-19,bootstrap
2023,36,C,17298.130000000005,2026-08-19,bootstrap
2024,36,C,10718.71,2026-08-19,bootstrap
2022,37,C,10003.740000000002,2026-08-19,bootstrap
2023,37,C,21597.460000000006,2026-08-19,bootstrap
2024,37,C,11615.11,2026-08-19,bootstrap
2022,38,C,11053.850000000004,2026-08-19,bootstrap
2023,38,C,41911.68999999999,2026-08-19,bootstrap
2024,38,C,20927.510000000028,2026-08-19,bootstrap
2022,39,C,44189.83,2026-08-19,bootstrap
2023,39,C,40646.93999999999,2026-08-19,bootstrap
2024,39,C,37306.60000000002,2026-08-19,bootstrap
2022,40,C,39806.25,2026-08-19,bootstrap
2023,40,C,41296.929999999986,2026-08-19,bootstrap
2024,40,C,34994.67999999998,2026-08-19,bootstrap
2022,41,C,40880.64000000001,2026-08-19,bootstrap
2023,41,C,47047.02999999999,2026-08-19,bootstrap
2024,41,C,29181.719999999994,2026-08-19,bootstrap
2022,42,C,35759.05999999999,2026-08-19,bootstrap
2023,42,C,30052.12999999999,2026-08-19,bootstrap
2024,42,C,29220.990000000005,2026-08-19,bootstrap
2022,43,C,31560.530000000002,2026-08-19,bootstrap
2023,43,C,21600.510000000013,2026-08-19,bootstrap
2024,43,C,25450.69,2026-08-19,bootstrap
2022,44,C,30117.32,2026-08-19,bootstrap
2023,44,C,22586.890000000007,2026-08-19,bootstrap
2024,44,C,24653.23000000001,2026-08-19,bootstrap
2022,45,C,30649.610000000015,2026-08-19,bootstrap
2023,45,C,26905.220000000023,2026-08-19,bootstrap
2024,45,C,29491.590000000026,2026-08-19,bootstrap
2022,46,C,32314.34000000001,2026-08-19,bootstrap
2023,46,C,41138.25000000001,2026-08-19,bootstrap
2024,46,C,36000.01000000003,2026-08-19,bootstrap
2022,47,C,30583.14,2026-08-19,bootstrap
2023,47,C,18026.629999999997,2026-08-19,bootstrap
2024,47,C,28318.130000000012,2026-08-19,bootstrap
2022,48,C,24645.990000000005,2026-08-19,bootstrap
2023,48,C,8908.779999999999,2026-08-19,bootstrap
2024,48,C,8486.080000000005,2026-08-19,bootstrap
2022,49,C,18874.719999999994,2026-08-19,bootstrap
2023,49,C,11982.690000000002,2026-08-19,bootstrap
2024,49,C,11405.589999999998,2026-08-19,bootstrap
2022,50,C,18280.500000000007,2026-08-19,bootstrap
2023,50,C,15012.110000000011,2026-08-19,bootstrap
2024,50,C,16381.11,2026-08-19,bootstrap
2022,51,C,24248.73999999999,2026-08-19,bootstrap
2023,51,C,29794.900000000023,2026-08-19,bootstrap
2024,51,C,25804.4,2026-08-19,bootstrap
